Delta_Fz,Delta_C3,Delta_Cz,Delta_C4,Delta_Pz,Delta_PO7,Delta_Oz,Delta_PO8,Theta_Fz,Theta_C3,Theta_Cz,Theta_C4,Theta_Pz,Theta_PO7,Theta_Oz,Theta_PO8,Alpha_Fz,Alpha_C3,Alpha_Cz,Alpha_C4,Alpha_Pz,Alpha_PO7,Alpha_Oz,Alpha_PO8,Beta_Fz,Beta_C3,Beta_Cz,Beta_C4,Beta_Pz,Beta_PO7,Beta_Oz,Beta_PO8,Gamma_Fz,Gamma_C3,Gamma_Cz,Gamma_C4,Gamma_Pz,Gamma_PO7,Gamma_Oz,Gamma_PO8,ID,Fase,Condicion,ELO,Aciertos,ELO_Cat,Aciertos_Cat
0.0134252138105822,-0.0555479940519299,-0.0242817168977596,0.045584748331202296,0.02950360849451325,-0.13612925102533655,-0.03724113148417345,-0.11397438393758434,0.14233317228992876,0.1904106292905969,-0.13633306444811955,-0.16099030840815934,-0.4423036976096561,-0.3665160488859831,-0.5035068957059387,-0.1459517866728616,-0.36373544364628707,-0.30431322108389747,-0.0657662219156042,-0.4149180382800367,0.08189769711948669,0.4153365723743959,-0.35585672885419334,-0.4068083001729716,-0.21191576385513017,-0.2885113620916805,-0.1520610861514515,-0.39994042399915175,-0.2712973075347377,-0.6751339921073743,-0.2866468948151102,-0.4459069623993317,-0.47203220478492885,-0.4595652055950072,-0.5682007060418739,-0.570872118645406,-1.0,,-1.0,-1.0,1,FS,Ambiental,1400.0,1,Bueno,Malo
0.0928028336464771,-0.09049776654976105,-0.16250892034139414,-0.1278091383477744,-0.1045520995418676,-0.3164487163382088,-0.0115420258985153,-0.2592085108310447,0.122970318857172,0.13195574073927654,-0.36130096052346705,-0.26516749011736074,-0.24486129349298,-0.4078943129342423,-0.5399709574345918,-0.3912729755774945,-0.326759297257443,-0.39719113264189626,-0.39084046539587913,-0.4609681615397317,-0.37216637053754353,0.3116117400713858,-0.354892498246806,-0.39030108089086757,-0.5042435625803218,-0.264656997171807,-0.3230708534965492,-0.42510813224052624,-0.19948765894394946,-1.0,-0.605295431942235,-0.26189557557682225,-1.0,-0.5191745955713876,-0.5619154225611276,-1.0,-1.0,,-1.0,-1.0,1,FM,Ambiental,1400.0,1,Bueno,Malo
0.0702284176887447,-0.14781048243759887,-0.235896202435456,-0.11010008336282459,-0.1606835148611072,-0.23636392281067237,-0.10899654398812811,-0.3098541204152036,0.1617161171704486,0.10671723830964774,-0.35540060653364386,-0.2461407102706705,-0.2626238292913996,-0.7046142412755692,-0.5337859186785302,-0.5981481140767719,-0.43798268655164635,-0.41188333415682277,-0.35721682475508154,-0.45551455101907884,-0.2877101089217171,-1.0,-0.4186341533636496,-0.7686315256492697,-0.6201686175163497,-0.2409127750910475,-0.3807599003487194,-0.5833451580137589,0.11929758373181955,-1.0,-0.6565321126273068,-1.0,-0.7453436840449297,-0.42047950206374235,-0.5635014750579511,-1.0,-1.0,,-1.0,-1.0,1,DS,Ambiental,1400.0,1,Bueno,Malo
0.01101183638263215,-0.12998040966399585,-0.19227825715330996,-0.0671893335400917,-0.09787551411284405,-0.22264017757795895,-0.0359947709860504,-0.3965251584860934,0.13026878570481126,-0.06644388244663375,-0.36242417469240523,-0.4034440592166808,-0.461973619260598,-0.6817920594508327,-0.4757173162694921,-0.6069552830488325,-0.4234231091020463,-0.4835929696726893,-0.5039977934941999,-0.5967945629743159,-0.3833723060527765,-1.0,-0.5068151126222457,-0.770904985006919,-0.5038561511139901,-0.36096733694380007,-0.59476016240561,-0.5299183068632716,-0.2612501770337879,-1.0,-0.5934188016392008,-0.7503342985922172,-0.7334537085707193,-0.49332203901135463,-1.0,-1.0,-1.0,,-1.0,-1.0,1,DM,Ambiental,1400.0,1,Bueno,Malo
-0.02572758965172305,-0.018671474939122253,0.10749454801187255,-0.34233195043520176,0.1259847604530705,0.0068069973757846,0.5925133362783562,0.39610337018610225,1.0277174496274841,-0.2067215192539617,-0.30370921820762786,-0.27538822424760157,0.2802848454158732,0.013305186049848452,0.861140207066776,0.7647866700013897,1.0380107447544769,0.18780670837756236,0.014796445980331197,-0.5859677926299623,0.965888690021343,-0.04399652358089361,-1.0,-1.0,-0.03338088074283145,0.34145842286244205,-0.33502281181554616,-0.8117040818456271,0.2923011623490376,0.5310176728299909,,-1.0,-1.0,-0.5499312975101462,-1.0,-1.0,-0.36448043253444473,,,-1.0,2,DM,Ambiental,1200.0,3,Bueno,Bueno
-0.074225429179007,0.08521566811232564,0.0416357136038918,-0.34897756985961154,0.1113780280484935,0.1312651009019989,0.2094724051954257,0.26580975358379616,0.6366317288873091,-0.04559927811195595,-0.15229375261530714,-0.3960040595341122,0.1515408676208283,-0.09270254253025605,-1.0,-0.19418447172202616,-1.0,-0.056041457034817596,-0.01484482843643925,-0.5867522997298908,0.0896747205219936,-1.0,-1.0,-1.0,-1.0,-0.000983032969954,-0.5435821371940198,-1.0,0.027332052879054398,-1.0,,-1.0,-1.0,-0.5433345029997474,-1.0,-1.0,-0.7222526236145055,,,-1.0,2,DS,Ambiental,1200.0,3,Bueno,Bueno
0.056425030692072,0.09216725088141506,0.1073793671992126,-0.3266074581062794,-0.08914663191323255,0.23849740627456414,0.5797042044352618,0.2354475266158416,1.2549969914607502,0.09182832430609911,-0.021939003794159202,-0.4116560491488228,0.1052350124878952,0.5253234146641962,-0.09888014071851606,-0.18159534311388326,0.5995338657947707,-0.11939715058321525,0.6449560898475796,-0.6045436478682267,0.4707497927574726,-0.19292304235111585,-1.0,-1.0,-1.0,0.4246868203985482,-0.6373501938337185,-1.0,0.5672809097785995,-1.0,,-1.0,-1.0,-0.4775578177450965,-1.0,-1.0,-0.6841663065280987,,,-1.0,2,FM,Ambiental,1200.0,3,Bueno,Bueno
0.047634220506766196,0.0204246411803181,0.08893415233698455,-0.42274719291994123,-0.05546305775338225,-0.027549619453674748,0.5484520803652218,0.3718162581082518,0.9571463230785197,0.004624784338923349,-0.2905350652097396,-0.3741186498290794,0.37455637054857205,0.12073258801374785,0.08017896977035135,0.14049053307952825,0.5386895255603954,-0.18737108492399965,0.35110412416814873,-1.0,0.34619083864217143,-0.2569938708384719,-1.0,-1.0,-1.0,-0.024971622946483654,-0.4308722997593071,-1.0,0.0097011241108802,-1.0,,-1.0,-1.0,-0.8011059817133349,-1.0,-1.0,-0.7180239167223402,,,-1.0,2,FS,Ambiental,1200.0,3,Bueno,Bueno
-0.7959110621350263,-1.0,-0.7689846060784213,-0.938471927117558,-1.0,-1.0,-1.0,-0.9838769517308523,-0.8442133080990442,-1.0,-0.7947275803522904,-1.0,-1.0,-1.0,-1.0,-1.0,-0.8483259596992544,,-0.7938328105335379,-1.0,-1.0,-1.0,-1.0,-1.0,-1.0,,-0.6898522384187806,-1.0,,,,,-1.0,,-0.5869062893725159,,,,,,3,FM,Ambiental,800.0,0,Malo,Malo
-0.8401279717055461,-1.0,-0.8424261049145947,-0.9541014874034066,-1.0,-1.0,-1.0,-1.0,-0.9448164807001289,-1.0,-0.8493883435361549,-1.0,-1.0,-1.0,-1.0,-1.0,-1.0,,-0.8407448410395538,-1.0,-1.0,-1.0,-1.0,-1.0,-1.0,,-0.658247998644843,-1.0,,,,,-1.0,,-0.7456052639603921,,,,,,3,FS,Ambiental,800.0,0,Malo,Malo
-0.8232053296443296,-1.0,-0.8507879194283496,-0.9399403853148645,-1.0,-1.0,-1.0,-1.0,-0.9189372184278646,-1.0,-0.8387084921107448,-1.0,-1.0,-1.0,-1.0,-1.0,-1.0,,-0.8788658678537459,-1.0,-1.0,-1.0,-1.0,-1.0,-1.0,,-0.6640970523740295,-1.0,,,,,-1.0,,-0.7421810343829338,,,,,,3,DM,Ambiental,800.0,0,Malo,Malo
-0.837788144879859,-1.0,-0.8513803149011281,-0.8888636302060984,-1.0,-1.0,-1.0,-1.0,-0.9438998337209511,-1.0,-0.8192210152437611,-1.0,-1.0,-1.0,-1.0,-1.0,-1.0,,-0.8480184077100996,-1.0,-1.0,-1.0,-1.0,-1.0,-1.0,,-0.7037339360722654,-1.0,,,,,-1.0,,-0.7060871902474637,,,,,,3,DS,Ambiental,800.0,0,Malo,Malo
-0.8837912867926778,-0.23346824340894662,0.07971950467719655,-0.2227202441345929,0.11463722474999305,-0.0700009053922995,-0.160752828163066,0.11489210869917835,-1.0,-0.141710882071364,0.8891514373170017,0.40884880318927475,0.18644051021366737,0.15469327021166723,0.01190014424931415,0.19231589285920336,-1.0,0.0554077704448289,-0.06036570837990505,0.3474478328567104,0.0082505379757151,-0.4207056067279463,0.24022167663816635,0.2188581633474252,-1.0,0.15039977985650416,-0.030419500351959103,0.24879284815024333,-0.13961439298415573,-0.37549915058819894,-1.0,0.2642897508329286,,0.0010910875824661492,0.5355037857891576,-1.0,0.32542355333508205,-1.0,-1.0,,4,DS,Ambiental,1100.0,1,Malo,Malo
-0.7417411264609417,-0.30540388408300606,0.022205685786524598,-0.1888137994560491,0.052995987433309896,-0.10852051610788555,-0.17901620545337754,-0.14886022356243883,-1.0,-0.08378602565049625,0.6457255138500078,0.5902886978390617,-0.0651971771573319,0.19268722110951156,0.0784641682602413,-0.0749728610301878,-1.0,0.01648606353564825,-0.20769952694840899,0.4010395129619865,0.06441478877250656,-0.28667833791539843,-0.403152145960276,-0.048964274072710604,-1.0,-0.0372971161845752,-0.0810110765047746,0.5750693233589639,-0.1533615156231296,0.09182159213024765,-1.0,-1.0,,-0.00862038294242815,0.6365487202593825,1.886217071244813,0.2842295360460264,-1.0,-1.0,,4,DM,Ambiental,1100.0,1,Malo,Malo
-0.29080288239368385,-0.2909291449715069,-0.1836157748737054,-0.22860533514334686,-0.0942500746808344,-0.13206098159788535,-0.1496415951959433,-0.04434491154741385,-1.0,-0.1704412390658639,0.7966520112187407,0.5728847179853108,-0.2805646950303823,0.20770019386185104,0.0619490777314232,0.46218796801691364,-1.0,-0.09230315851986196,-0.2791170122063876,1.232841001815797,-0.21078496514844358,-0.308102347700535,-0.4242935179549535,-5.234425540295005e-05,-1.0,-0.0054042424133833,-0.4643210056888291,1.4109246385612553,-0.22834469767927135,0.4535638841718186,-1.0,-1.0,,-0.0851415605686705,0.02113853364041205,5.483347167549756,0.40881614060732496,0.32918019589715064,-1.0,,4,FS,Ambiental,1100.0,1,Malo,Malo
-0.06911670675219346,-0.26474784288735187,-0.1513253666681775,-0.17377738543085955,-0.07445581619989916,-0.18026284100631695,-0.12735078581547066,0.011345360621037151,-1.0,-0.2281245238294717,0.6035988771771603,0.704470565749219,-0.3140656461294463,0.17720650095758128,0.1215176563667976,0.2800274043234182,-1.0,-0.24188216353470143,-0.14773454452535426,1.3629774236980756,-0.15568889106572376,-0.19974896303940634,-0.0984100113723346,0.1243067930333924,-1.0,-0.07600342356581445,-0.015830098871138003,1.9865639852692158,-0.299791777638881,0.7452694614497166,-0.5165800402941298,-1.0,,0.24759081590227272,0.8290674619121445,5.62167360516349,0.5054966126464442,0.3849696861113924,-1.0,,4,FM,Ambiental,1100.0,1,Malo,Malo
-0.04621077712340395,-0.06855015137398354,-0.0837741656301438,-0.0186352581649824,-0.1296154344232792,-0.0137739992029523,0.13707086995144874,-0.19612644192001916,-0.15883154781983844,-0.18821272231650849,-0.039793785560029146,-0.1626801527592842,-0.2744755244702973,-0.07975542529558355,-0.33116153796894,-0.17612317946230635,-0.21450353706698394,-0.16089037791922678,-0.038258101471252505,-0.24852118402701334,0.0324164226004087,-0.2571743825657502,-0.38966993225747254,-0.047050209952116,0.2276532823703411,-0.08861889364264079,-0.26914386401617035,0.1486282276446462,-0.4402606086963007,0.13352541138231988,-0.27976379083059705,-0.18469904579882798,-0.1978760410622704,-0.35118298985577523,-1.0,-0.33135576730661254,-0.35576110701214103,0.2625977276693125,-1.0,-0.4745472537279827,5,FS,Ambiental,1100.0,1,Malo,Malo
-0.18472222187136283,-0.1360169326272375,-0.1260915284977589,-0.10412648812321701,-0.1904677427590783,-0.01786706181795365,0.013725666032615,-0.12461951063314605,-0.1098897312904807,-0.23613087502878063,-0.12752941446595234,-0.08892828049503355,-0.4629680990770302,-0.2209065032878835,-0.271751528519385,-0.04535293483793005,-0.10081324860694645,-0.2277356169069748,0.0510519346140199,-0.24726508901037209,-0.3238154447730205,-0.20000284339757723,-0.46438692304247736,0.12851969023299387,0.1993627078265786,-0.19924308247781009,-0.29450167893828494,0.1126597683182855,-0.5452709776413591,-0.08294106061211856,-0.43945723030446004,-0.16409008123321975,-0.31128365394749025,0.19218348489051823,-1.0,0.25603809708670466,-1.0,-1.0,-1.0,-0.5755061678362652,5,DM,Ambiental,1100.0,1,Malo,Malo
-0.2127898893343601,-0.10151505296193611,-0.12630919772291038,-0.23924249211104995,-0.24334029883087505,0.0132648809397143,0.0125712850237375,-0.10253546413981215,-0.3217997546504432,-0.16852149203383476,-0.14577317337097123,-0.11164585040006333,-0.4820267920599073,-0.22767661988857904,-0.25147891124219884,-0.2325956909843372,-0.3140657573968689,-0.0702947218243232,0.09149007207716556,-0.27174980601052884,-0.26695792667515267,-0.1234096845578944,-0.46459127412428614,-0.05430724160140605,0.1269316978302977,-0.09293024258441879,-0.13183728311733,0.38938813291085805,-0.48395893290027586,-0.06639822564206035,-0.3535805134020752,-0.188599229945095,0.0432560701320386,0.1794064465445695,-0.0741415331283512,0.2315612847996174,-1.0,-1.0,-1.0,-1.0,5,DS,Ambiental,1100.0,1,Malo,Malo
-0.19107569391518442,-0.16890207665760582,-0.1207503739989859,-0.20343883931870949,-0.26893284446647503,-0.13140270551875266,-0.058960285936228596,-0.2080006254668417,-0.23766757637229555,-0.31721168157815693,-0.178425191071387,-0.1148998416205749,-0.5032224541058103,-0.2332869324208002,-0.37689291047550044,-0.154834474555045,-0.25433189833169056,-0.12186416748982701,0.060288725150630704,-0.33052618057713024,-0.39158686775765106,-0.27390004332919293,-0.4320696713269548,-0.05691990222506875,-0.12254845621591834,-0.18275834963189125,-0.1386201837111168,0.22500037256553712,-0.14529201097660688,-0.17258499776437114,-0.17281084233618393,-0.243694238754253,-0.12331712505578524,0.38154804615109816,-0.2656031083178575,0.5531606608637691,-1.0,0.20965386098217298,-1.0,-0.582726513660613,5,FM,Ambiental,1100.0,1,Malo,Malo
-0.0136794395818824,-0.01479032042837085,0.0026400961124447,0.0961721582030327,-0.09869302277324235,0.0321482877993535,0.0009215073604078002,-0.18867891198600825,-0.0406386481641808,-0.1493507986183477,-0.18608354924784395,,-0.018531326586312402,-0.27394817599701193,-0.026842595386564,-0.16900657632676636,0.13233174363377345,-0.1803175801809785,-0.1396422593947652,,0.5220731054942844,-0.23297700124616486,0.6948331802438203,0.4767554902374802,-1.0,-0.16462987354585257,-0.29331216070399047,,-1.0,-0.4186364811514141,-1.0,-1.0,-1.0,-0.2257982353604746,-0.32255576066335756,,,,-1.0,,6,FM,Ambiental,1580.0,2,Bueno,Bueno
-0.041014414517521705,-0.0695421749605882,-0.0324059858682542,0.3471496728321549,-0.2014120180736648,0.0637303288785004,-0.0606875561323172,-0.1012678405400209,-0.0738030781257341,-0.0256354751896128,-0.24216419576708395,,0.42985752608186434,-0.27661391485800074,-0.14656173568166214,-0.2307862363209281,0.27307967323644905,-0.17798332270736178,-0.04750294821053465,,0.5582040055423904,-0.15679292977233017,-0.0162681116500282,-0.25725834877228543,-0.3025243687169939,-0.2332010000687091,-0.21287993066446392,,-0.3114452168286525,0.09435032517282349,0.2908615276868137,-1.0,-1.0,-0.187004625946679,-0.13618494473206685,,,,-1.0,,6,DS,Ambiental,1580.0,2,Bueno,Bueno
-0.1595683954367289,-0.14193321937505188,-0.0383710595222434,0.3008004694701337,-0.22547073610159896,0.01649023901477535,-0.1071054508959851,-0.1677586325496634,-0.2237684834907138,-0.26149879514888386,-0.1804894640541174,,0.05160964869629195,-0.33104536480309477,0.02128622960937995,0.0753717445101318,-0.2051450847712043,-0.27367909495222426,-0.37770764994072314,,-0.05364839250669415,-0.2886833108004212,0.1754215146558572,0.5623350481223522,-1.0,-0.37886389843880963,-0.44052595166491754,,-1.0,-0.30117226017870496,-1.0,-1.0,-1.0,-0.27250869769520314,-1.0,,,,-1.0,,6,DM,Ambiental,1580.0,2,Bueno,Bueno
-0.08589321942732439,-0.09340106127347544,-0.07731724928802661,-0.5150966802433785,-0.11894302628454635,-0.04238979556014985,-0.12734580878103358,-0.07040460146720845,-0.24518453326806072,-0.23651855903814825,-0.3501495930314456,,0.19469270928732557,-0.33959140903720475,-0.08572650728203285,-0.09452636455909916,-0.3162029272855592,-0.3121730859176354,-0.40028907032222344,,0.5479162693778306,-0.42031739671297585,0.2560273952681273,-0.28917018767887276,-1.0,-0.29719525045014783,-0.39443091996417495,,-0.39818136589532827,-0.30764976677541567,0.23662528614268552,-1.0,-1.0,-0.26026320643473777,-1.0,,,,-1.0,,6,FS,Ambiental,1580.0,2,Bueno,Bueno
0.7370741171192221,0.08072930157606205,0.112224840361431,-0.06415507793445391,-0.180058022538652,0.2725260630731023,1.2389430513940227,0.0270417620844934,1.4084776734012108,0.16585599927414216,0.2204326186207951,0.0830404765140831,0.44235563899655245,2.3362312064282524,0.3721878354713447,0.709072356560549,6.53840762637533,0.41807737830251,1.489817527238281,0.5379938885560289,1.6468812595677864,,,3.380005936012033,5.812036893623948,0.9579203096201803,0.3402867693689119,0.6705901963455438,6.806773024764757,14.60138235295771,,16.433166756821713,,0.6105793722987973,0.3406871429045579,0.8842142546474956,,,,,7,DS,Ambiental,1800.0,4,Bueno,Bueno
0.5107709048655609,0.14408863190410176,0.16638517894240895,-0.09905394413207505,-0.2975888398058456,0.3300264471316595,0.568639606969561,0.2551918957660647,0.9257785113998176,0.2431739424491498,0.4618758751118138,0.2464026971363511,0.30861889336908865,1.9897368276498395,1.0191742500787857,1.1031460029922036,9.666439983891541,0.37356404947757993,1.1282883082868804,0.42222506475959465,1.5431677569079367,,,1.4004520623737595,4.553459966392456,0.6604615642531843,0.24735318800622558,0.5081423782265183,6.184900663517196,4.534760262512543,,13.992684021429802,,0.6707252611661989,0.39051624239269656,0.8509543508806161,,,,,7,FS,Ambiental,1800.0,4,Bueno,Bueno
0.20807707252238894,0.01041844430103275,-0.02168468375455615,-0.16078054613365025,-0.37678124211960984,-0.053911184893711606,0.11773079352409466,-0.04934238861242285,0.8206133602236171,-0.029441013110398602,0.090289989980537,-0.015417174239211198,0.06632534864346815,1.0500624479913094,0.0740551042990729,0.18821330682056064,-1.0,-0.0336461184638045,0.7190879125587281,0.0118560231770792,0.6996902593311236,,,1.7643112791209459,-1.0,-0.027868296943576752,0.08441408733500955,0.2791340330001479,2.57738680079209,-1.0,,12.723339371512676,,0.409942606980374,0.120382502153004,-0.1949604880755628,,,,,7,DM,Ambiental,1800.0,4,Bueno,Bueno
0.1815525865668195,-0.05961586287071125,-0.09178922467963771,-0.21914966507590483,-0.4927189260805763,0.1875901750064824,0.07359756277543415,-0.1478137995847405,-0.32522817441255314,0.005811584513344299,0.23513070177741993,0.266160529259784,0.1301174240669009,0.5571075186409649,-1.0,0.6710243095219042,-1.0,0.05978731047884825,0.6315907821295089,-0.0429660462209925,0.8355158898146209,,,1.3245102762356162,-1.0,0.0862850871796317,0.5285221387282382,0.3285096059635575,2.3258182923387,4.179382690959577,,5.794548007490725,,-0.411391326443284,0.25035545562416905,-0.20736165155691527,,,,,7,FM,Ambiental,1800.0,4,Bueno,Bueno
0.507350202559923,-0.02528648127791335,0.1021982421352802,0.27625356086453096,0.3137434015815434,-0.08141775737971245,0.19057365991518516,0.413954436190916,,-0.34646370801855264,0.007101258265324899,0.11469248321299474,0.19791294906969226,0.30897482817582955,0.2240865071018242,0.9096861276422062,,0.13323984670741634,0.01371980544487485,,-1.0,0.8433444357641837,0.43852967256641817,0.25180264862414203,,-0.0940126349918848,0.07562562222572565,,-1.0,0.9477295830853663,5.58240613294697,-0.5551391463150027,,-0.0656554427174028,0.019056046610580954,,,,,,8,FM,Ambiental,1050.0,2,Malo,Bueno
0.4110493217246034,-0.3080613343256008,-0.0228714974442199,0.29246978751655506,0.24509755258208799,-0.03450061302373125,0.177152032280129,0.44235837693195523,,-0.5078521833504832,0.10985922275074514,0.6040119451182449,0.614463222079835,0.1884922009008092,0.27729097967620764,0.8734628812622869,,-0.4454159301384216,-0.0880862014128235,,-1.0,1.109593301108594,0.5785221044711261,-0.022198558149656746,,-0.5643851200574219,0.23859992172158845,,-1.0,1.6835370044938385,4.0968608669940005,-0.5861258400677078,,-0.6113583260123825,-0.14140433277941006,,,,,,8,DM,Ambiental,1050.0,2,Malo,Bueno
0.9665432035471737,-0.3649885978929007,0.09546113606830955,0.46823315744010363,0.10945267518346366,-0.11593050797345769,0.33708657811559417,0.43732469423102727,,-0.6349246989267157,0.07779967777028396,0.5744900949169021,0.4048144638863514,0.3164710160571457,0.45445316435921335,1.1356562522083538,,-0.5266019716440844,0.0681543617740113,,-1.0,1.251229400404124,1.4338355719008202,0.9423965168981561,,-0.6050472222939633,0.06191857319556621,,-1.0,2.177425347173624,4.655669644923415,0.07052204494489334,,-1.0,-0.14156470870259036,,,,,,8,FS,Ambiental,1050.0,2,Malo,Bueno
0.6247330802339343,-0.3175106175542577,0.11673527544700796,0.47150769588918817,0.0831901066888229,-0.0111533906888285,0.2948908446295532,0.3901645021404587,,-0.6259737684568134,0.14963568119832715,2.794379400328318,0.11805210885802045,0.5468499562167413,0.3581303739054943,1.1731245205334397,,-0.6741136910405745,0.13609429475830148,,-1.0,1.3874737839429243,0.7923763916741748,0.8861388821053846,,-0.7858125097728457,0.2897868815346701,,-1.0,2.481903303286079,8.255209721763013,-0.11543178600467849,,-0.7966886630592453,0.2462504028053632,,,,,,8,DS,Ambiental,1050.0,2,Malo,Bueno
0.335139666833767,-0.08767883253534525,-0.03333863047993125,0.003305470170500549,-0.09096801891506685,-0.09234357412896385,0.02604542076258545,1.1479625753818217,-1.0,-0.15112009511429605,0.0805935935917646,0.019616583802716154,-0.030362895233307548,2.5870579511375755,-0.024606466254241448,-1.0,,-0.2244364867051255,-0.5673054310413135,-0.4465605876067399,-0.18996701299068605,-1.0,0.09357324551499785,,,-0.33429298250899553,-0.0161373839676573,-0.14520644304220545,-0.1752701842501952,,-0.2840557932491727,,,-1.0,-0.423984719643964,-1.0,0.5624891276658709,,-0.6918130601581405,,10,DM,Ambiental,1200.0,0,Bueno,Malo
0.26120958179009357,-0.06720267124222945,-0.0448910578576189,0.02016234078723755,0.016896563790465502,-0.10693727019706806,0.04143625224525215,0.47914794421437806,-1.0,-0.1720689567830878,-0.11682391118762811,0.17665485025748712,-0.0597490220186141,1.8077214494988478,-0.12197753677678835,-1.0,,-0.3786102932334099,-0.5497101789975661,-0.1458411956906639,-0.30045803106818986,-1.0,0.23190814315793548,,,-0.5073319697820644,-0.4320340554074878,-0.813410167582018,-0.2184214010129535,,-0.5954808750783327,,,-1.0,-1.0,-1.0,0.05872570368881305,,-0.6330263890432096,,10,FM,Ambiental,1200.0,0,Bueno,Malo
0.14164850416462654,-0.046663727895952,0.017956901374848303,-0.09492229058629456,0.07923862088209335,-0.21100862855383457,0.09290138443351109,0.49458246887396384,-1.0,-0.3929238828313599,0.2806946701146116,0.029954740446340604,-0.1921361615421249,1.7221712131038174,0.07548589695861735,-1.0,,-0.4030548662973702,-0.5542229287606076,-0.44936211703398843,-0.3822654598764478,-1.0,-0.1470102758904607,,,-0.4911885279955037,-1.0,-0.6270370712739539,-0.38993809754595343,,-0.59056663900678,,,-1.0,-1.0,-1.0,0.2461731978268148,,-0.6530513965986192,,10,DS,Ambiental,1200.0,0,Bueno,Malo
0.06450328530332694,0.0045660056420075,0.10638530616777825,0.053852441318807495,0.0352727015164982,-0.1135814907963995,0.15377667134239195,0.5861990891339837,-1.0,-0.2225189964008791,0.0828425094442447,0.0831936770149465,0.0247175774562692,1.4696477138357449,0.04831019293560935,-1.0,,-0.4135866986869625,-0.5557154988904381,-0.5056095301108725,-0.17643944765753838,-1.0,-0.22234136657198644,,,-0.6881801977299331,-0.4881975738260241,-0.5631278085039212,-0.1289250842938219,,-0.6505078934370998,,,-1.0,-1.0,-1.0,0.5857463845026502,,-0.7118265706258255,,10,FS,Ambiental,1200.0,0,Bueno,Malo
-0.18326533902396808,0.06605330923007291,0.0243438999310606,-0.011484612449505001,0.006386241597813149,0.11629792034056105,-0.06782566357403025,0.14284547225627114,0.18872837316614544,-0.11334838423605789,-0.1711965105211766,-0.359229904720885,0.15262670088716923,-0.17938399003889394,-0.1432742727691588,-0.11770484212050095,-0.6231079509506174,-0.2810180664962691,0.3356030429729185,-0.19956634239199536,-0.3789138830340615,0.31744139463767473,-0.03666026257861825,-0.05903385116989125,-1.0,-0.27243371768162766,-0.1188246865017944,-0.3536731282540575,-0.02274909766976875,-1.0,-0.1525535130139582,0.17773170373779534,-1.0,0.0164840931601918,0.35124083917362714,-0.5131193331363484,-0.12919031847214527,,,,12,DM,Blanco,1000.0,1,Malo,Malo
-0.02630828186946045,-0.0401655508515084,-0.0877408004298054,-0.09900839099374906,-0.03360738172173825,0.22461374404135526,-0.1918795588368048,-0.053739228192783,0.02923574271779855,-0.1548484917664812,-0.19669302332800795,-0.264792736541572,-0.10077179629576954,-0.43444332492580484,0.11697138443597896,-0.0975964281731866,-0.578459174168622,-0.33334549696798116,0.13240265505582885,-0.31968363332291694,-0.20460503550193396,-0.3615429082502454,-0.5008636775865619,-0.3243738203587005,-1.0,-0.30181841031257883,0.035250085311658554,-0.3399768411524924,0.19294429321279966,-1.0,-0.2292825970689769,0.30276919014149645,-1.0,0.3629713585399153,0.1559991466363866,-0.544790954428999,-0.3121088067830512,,,,12,DS,Blanco,1000.0,1,Malo,Malo
0.08545332549437576,-0.06531477624811324,-0.12134638988014626,-0.156876157209478,-0.14057708587308235,0.35860277249347683,-0.118228032568095,0.01225257505154215,-0.18045868171095047,-0.10380983701897706,-0.42006176207315415,-0.28743722556835305,-0.2154906620304199,-0.3388065175366755,-0.14781378203342171,-0.1974197465985298,-0.5835353898270002,-0.3860866253323644,-0.1571703738033124,-0.1562108531380799,-0.35696393753625755,-0.3869572373922141,-0.5895299728816079,-0.3966405004482848,-1.0,-0.10305016652304246,-0.03324890106160875,-0.6894105110794968,0.07643723772607125,-1.0,-1.0,0.26235504374993013,-1.0,0.22708012814003264,-0.11077635366296504,-1.0,-0.45188414587516224,,,,12,FM,Blanco,1000.0,1,Malo,Malo
-0.0971334598742722,-0.17285963974779617,-0.08845916662137165,0.1978161732182595,-0.10319069708420445,0.21388211822304298,-0.2205400729920124,-0.1242177130563823,-0.4663449299549182,-0.20079826875976353,-0.3570836487023581,0.5114390962221358,-0.2255542318622734,-0.2951470959801513,-0.08171900078963831,-0.1670319145576199,-0.5826851475398009,-0.5311458266208542,-0.09978222517182805,1.1730336844292153,-0.43625689167760295,-0.33963253441156777,-1.0,-0.3252831183287815,-1.0,-0.33139263447152667,0.07382093853556135,1.4596754995594716,-0.19987177592852268,-1.0,-1.0,0.0547744300569071,-1.0,-0.5140588707118996,-0.0386802539313055,0.999218787624937,-0.26773705011443516,,,,12,FS,Blanco,1000.0,1,Malo,Malo
0.14282534061972646,-0.01587243933739925,0.01762665854413705,-0.12845403496778013,0.2138947738337208,0.022993671383908003,0.03601344992812735,0.1117859179820216,0.8837745946596522,0.0317007353622898,0.016944213127429747,1.090603629100051,0.1241789677643886,0.3066936431058601,0.12976736469457253,-0.22841480005863316,0.9722274253803429,-0.27067623327727297,0.6950617689924614,0.5545736508952319,-0.013567619038764862,1.2573194408442712,0.1490052373696109,0.12361557601786549,0.0718547639611602,0.4578094610142169,1.8240099765433648,0.2955520838132994,0.9172771888396334,2.6480626939928236,0.835908834583602,0.052561675889956305,-1.0,1.6104138641666523,3.511120651683198,0.5258220176523668,3.8803174457762735,,3.5766321670236945,0.7513827662252409,13,FM,Blanco,2150.0,4,Bueno,Bueno
-0.06722596858619284,0.00473733107767945,-0.03592635765593255,-0.1387514964891975,0.2204040530674268,-0.0409227390915382,0.119663819231908,0.08081013459183906,0.6592525984795445,-0.036081515471877504,-0.1072875931834616,0.49321315414818,-0.013342057096774348,-0.004471565959996999,-0.0192831532841734,-0.3588356357759904,1.0850804654855277,-0.11324764832942946,0.0065374818997171995,-0.07107066312318536,-0.20418964577557175,0.2730716426827736,0.00039287544070240013,-0.1626058899073651,-1.0,0.24216678835323519,1.1499696008329554,-0.15013862200155245,0.3350005946914579,0.7474880725860156,0.3204351986221968,-0.07083811845702676,-1.0,1.0284956503374407,5.397476137499213,-1.0,1.8069184691205225,,0.9225748004362448,0.038013105581661696,13,FS,Blanco,2150.0,4,Bueno,Bueno
0.050756301626332545,-0.00831196656670995,-0.057508448126540754,-0.18731182331232815,0.1601830335742709,0.01574343971016545,0.06416178569301209,-0.0036677960251744503,0.49393922276102986,-0.04226615020232355,-0.007723837024791697,0.5423143073503816,0.04466109360648565,0.14721214837918595,0.10594093513249815,-0.3812267152384077,0.6661910015742651,0.065578376987587,0.16113655011518604,0.05640478494556935,-0.0553132067198171,0.05280820544297715,-0.1336690078238656,-0.23978205886226084,-1.0,0.34120630495292426,1.2438497840938558,-0.3036081996346053,0.2125543234107548,0.6990446561033636,0.7131091484472081,-0.1378737349163883,-1.0,0.34242845169375674,1.325004909794747,0.5935995987103628,1.6004406498247596,,0.38940612074608727,0.15822294971548473,13,DM,Blanco,2150.0,4,Bueno,Bueno
-0.0107810894674241,-0.02451302735285095,-0.10947973331494645,-0.2169860249275119,0.0628177910840157,-0.04531140446193414,0.0025164305479299996,-0.0975307400885005,0.7007236866997237,0.08253163219573975,0.05387896274062655,0.5800386261211337,-0.1068293228746767,0.26717612636664523,0.09281343245751314,-0.2504543620282638,-1.0,0.12026848783127894,0.2937960869448464,-0.369430047329699,-0.0135402464553784,0.1182792826627983,0.01175844928968155,-0.05616187123554755,-1.0,0.2279813982105121,0.6154245346515277,-0.2926862777686573,0.1773555662247443,0.7776818101161507,0.3604872488421016,-0.22940409737466566,-1.0,0.2462308839015908,1.3441469926996703,-0.2531581878593677,0.11989325407852869,,0.49406614205042976,0.041579824180465096,13,DS,Blanco,2150.0,4,Bueno,Bueno
0.0099823778654893,-0.08974926771055419,0.06054884598166681,0.041806511169487956,-0.03614908113686065,-0.12974668495905475,-0.13068891174433114,0.042820307691902246,0.1059314792063514,-0.30551368390009864,0.07462559372809485,-0.059522885118288904,0.0013231000663373503,0.050793649783533,-0.2084754285236943,-0.2822279571071284,-0.14668370617234475,0.5282330697734647,-0.1686159998769318,-0.3831059012235597,-0.006813475255159851,0.1776198613812888,0.01573825020877235,-0.2627019749727571,-0.283617963931887,0.494438965877978,-0.34678150998662005,0.034802991513967,0.5474951352508544,0.2095589595010455,0.11337049771152219,0.273325964074078,-0.0426011948081632,-0.1579738471827796,0.2531261999501033,0.6992622054127834,4.7544956834985825,1.7715379680637375,0.180336594219045,0.754340177354647,14,DS,Blanco,1730.0,4,Bueno,Bueno
-0.08420197081117635,-0.12015821065520746,-0.07140654082081485,0.0379799141460334,-0.15611488381313166,-0.1996260638207586,-0.1241227100294856,-0.09152596766668214,0.08429927531246101,-0.40699416058124166,-0.09496910689345839,-0.12419814326934625,-0.03661402866538255,-0.13656401387219125,-0.27969779824848007,-0.3332039147907033,-0.046143018661521804,0.19112984998324145,0.015526158899059901,-0.2873589185392252,0.0197420403843016,0.5472981994488129,0.01601250548717955,-0.19413648482171905,-0.31650642525886286,0.5011753954027158,-0.3377713921438623,-0.01029039803362765,0.5483103744941443,0.0429199957234688,-0.19296809489242545,0.24704252225533097,-0.22213077789244778,-0.1817868074661461,-0.1831284527472229,-0.0912677259291497,3.9946753738164924,0.9956746116389532,-1.0,0.31485362211560475,14,DM,Blanco,1730.0,4,Bueno,Bueno
-0.10906649655381401,-0.2754508427624174,-0.0492052346378235,-0.11608641005445,-0.11858776638537641,-0.234657334426571,-0.23383812158684636,-0.04290992637449665,-0.08667617406031611,-0.27980173151466886,-0.0722242481034184,-0.19186991680497106,0.21566033276365396,0.08519081538274055,-0.0676492824201041,-0.29172398106342484,-0.1663809519235464,0.4042783610765802,-0.32258121734911505,-0.22113222583516712,-0.046523532120832545,0.13896227622550755,-0.27686316386922216,-0.4008771549598066,-0.3094767377796689,0.8353721368507991,-0.2976248117822097,0.1803261227474239,0.48824753769336243,-0.1420186169452132,-0.4024730503824063,0.2497115061723301,-0.4542094395201026,-0.07473283768527035,-0.05932592832544155,-0.052083961343313445,1.987352370422284,0.29344530407250774,0.1127138536842904,0.20019632379167007,14,FS,Blanco,1730.0,4,Bueno,Bueno
-0.1471825964953722,-0.15834826392845774,-0.0743257570394335,0.029150466510039,0.028853930661591948,-0.1910958615163973,-0.2853276089824228,-0.1232755253171329,-0.13807993741910535,-0.20187149355364237,-0.0505965905720121,-0.04055353696310615,-0.01355940921939255,-0.11350388274967965,-0.1792267887087431,-0.4042524957725725,-0.035644075230455,0.2939773489101539,-0.15345223675511893,-0.21877807734742485,0.005041941989619998,0.25200391246401427,-0.5099290433011026,-0.3404289532532464,-0.4490574046565401,0.36905017344909397,-0.329881706982304,0.04094580156624085,0.29530064088056507,-0.13916770601588957,-0.19851286452218492,0.0843306783904859,-0.3206971706620292,-0.20278550288164696,-0.20380630781161346,-0.15303069831354685,1.431865500225677,0.12231984450346911,-1.0,0.21083024704586134,14,FM,Blanco,1730.0,4,Bueno,Bueno
-0.1328052516825298,-0.0259740933232619,-0.0298624822141762,0.13760228815195016,-0.07131980060682885,0.0171648404344113,0.1264436887923593,0.0713469693992131,0.18787543007833957,0.23942278617857235,0.0113551923468561,0.12975960330136116,0.08625074421167125,0.0978386682145328,0.1684038823989864,-0.1658657466585473,0.19733089052112215,0.05999070788517315,0.07634945437535665,-0.27783651917257707,0.6114293865259179,-0.08953633176425205,-0.21236792381811564,0.30834297273989275,0.01833793316551435,-0.17740450378353656,-0.23221699443432897,-0.1163220347093625,-0.18668566065100511,0.340928027236179,-0.23437270000820645,-0.29819618567444117,-0.2005650830081101,-0.4745138098102919,-0.032255534436345795,-0.6243000933805727,-0.17453952129039424,-0.4884655921979308,-0.5456822550415898,-0.5002897211488153,15,FS,Blanco,800.0,0,Malo,Malo
-0.06144837716007305,-0.08325009046625251,-0.022192582983652398,0.11450687233765411,-0.024370523004635103,-0.03880400303541945,0.1009058969970789,0.0650895585994305,0.1660064308339419,0.27183904995484215,0.0019336919852984001,0.17382454437069894,0.0106491591977485,0.21740356536139754,0.09475251677785604,0.00192784806295325,0.30205623136523485,-0.03560824557325915,0.15473228227696195,-0.23606759273648478,0.8007727451849838,-0.20514544627324566,-0.02749827663761205,0.4495631183604947,0.08860591262126055,-0.1360346932911301,-0.199908320419244,-0.1755199025600117,0.012850563973272298,0.2954697929843044,-0.3160739870732729,-0.16895537724802,0.08400482656906749,-0.3307156408759899,-0.1863404978797376,-0.5935689944452559,0.26568531909624366,-0.4880733688878459,-0.3230964802573676,-0.1560769544807193,15,DM,Blanco,800.0,0,Malo,Malo
-0.07792781677868646,0.01566583095520615,-0.1120854109690011,0.11557482905539346,-0.11292372107157986,-0.007544657513129,0.08793355003951189,0.11636222393762136,0.18563278676642186,0.2324290950705545,0.0805689364779884,0.3455954346410937,0.16761077504885735,0.2163817845530953,0.13326974305512457,-0.04508467913069365,0.6372566128822807,0.23276851435673795,0.11585462244339151,-0.1415184912217706,0.8358926066279679,-0.03814845167343215,0.27592349685733397,0.42067506604021365,0.17803457060893613,0.1598288755967998,-0.20165246607975895,-0.10718978358047171,0.07544084110316555,0.3942177344896207,-0.2396190657706235,-0.05947233321726016,0.1223882558489153,-0.3013114197824248,0.0762767297335281,-0.6005160387411146,0.2522805685387667,-0.3280285715841347,-0.5799830924827813,-0.0827440899308921,15,DS,Blanco,800.0,0,Malo,Malo
0.01119696491164625,-0.0116004866132195,-0.041317573745861105,0.1178366050823525,-0.062607143002187,-0.0317690484128677,0.161556649617759,0.1190377821899801,0.2993708348600541,0.46932292509008516,0.1389678380131688,0.21561071118955555,0.17269640751712614,0.2840316290656464,0.1501120622515978,0.121859341121853,0.5438684425318163,0.2561553615745586,0.2661891859114157,-0.0998257896309217,0.7422429703075628,0.16620556805252415,0.14136624147400118,1.0685611129953316,0.30847203771840104,-0.048983857353044,-0.10697542877377746,-0.23968596207868395,0.22436262929750006,0.4145032547638223,-0.21375023311525093,-0.20019214425704918,-0.016594177445767605,-0.4564531533099905,-0.2839752073979678,-0.4752390856825087,-0.07234756607634679,-0.3955374357070903,-0.3735313295917528,-0.4548920960078116,15,FM,Blanco,800.0,0,Malo,Malo
0.09495364100685201,0.0411070182625332,0.08380761440554124,0.15841871715779204,0.29917991482320794,0.14325786107649563,0.45036868477496944,0.056806552146610595,,-0.0711285294816237,0.19342444393186065,-1.0,-0.042376914514057645,0.4416425943447839,-0.19501805808632355,0.2415609011273726,,-0.3174287767055809,-0.0892051899714379,,-1.0,-0.1330068881691295,-0.1590896131347878,-0.26376374805355823,,0.4559215014327714,-1.0,,-1.0,-1.0,-1.0,-0.35272886867957604,,-0.4820463495685953,,,,,,-1.0,16,FM,Blanco,1960.0,3,Bueno,Bueno
-0.7221133796867034,-0.02690589190700745,-0.023586033232145052,-0.3490506071403421,0.08445586687907751,0.03378460367792225,0.37587019089096324,-0.03441910304513065,,-0.13356616774686986,-0.16518460677198815,-1.0,-0.3748526350430744,-0.11584985447103946,-0.5775371022293988,0.12092586815779824,,-0.32467521816526546,-1.0,,-1.0,-1.0,-1.0,-0.18364625469845125,,0.1372873634206207,-1.0,,-1.0,-1.0,-1.0,-0.4877708946952928,,-0.40591042480377004,,,,,,-1.0,16,DS,Blanco,1960.0,3,Bueno,Bueno
-0.314289426268048,0.09549520375401145,-0.1225405330651958,-0.41554520019935937,0.18603848987168453,0.20895198343351706,0.2878708771920297,0.0397157228271926,,-0.21842237029084605,-0.09505403439397256,-1.0,-0.2446561499608516,0.13400192844945275,-0.0206786919355271,0.014108937094396898,,-0.25133021538763534,-1.0,,-1.0,-0.1873840866676743,-1.0,-0.22443037087311468,,0.12041928724958209,-1.0,,-1.0,-1.0,-1.0,-0.7502485161984966,,-0.3773821048375471,,,,,,-1.0,16,DM,Blanco,1960.0,3,Bueno,Bueno
-0.39128355476379506,-0.0028489291204183,-0.16440377730948355,-0.560257160931898,0.20502087544605674,0.41342284540436325,0.1352071208305114,0.0680089510282983,,-0.2014686456644838,-0.3846013205286474,-1.0,-0.4900651120894979,0.12948593878500442,-0.30819206562972834,0.29675851824623334,,-0.23637274520656235,-1.0,,-1.0,-0.6068432062664749,-1.0,-0.1205636103946408,,0.42169605071563065,-1.0,,-1.0,-1.0,-1.0,-0.47216728584133044,,-0.5173964962474913,,,,,,-1.0,16,FS,Blanco,1960.0,3,Bueno,Bueno
-0.039443911846348045,-0.0082417477495715,-0.08188954930666925,-0.07599915467074275,-0.0389298521302497,0.025223901429902003,-0.0556153536155047,-0.04746771811483205,-0.31457203029681313,-0.31338552497094874,0.02984057348373155,-0.16578116946364915,-0.28930460649512657,-0.16076361901169178,-0.1461650374901309,0.12210917624778694,-0.11852560266824841,0.13555458935878584,-0.2862214042552196,-0.5226335981882049,-0.18792598581711464,-0.2959745365700009,0.014652810567751508,-0.10955536529168675,-0.039276510188725855,-0.015213248807302099,-0.16710496312845996,-0.1450011162928129,-0.31403555794495003,-0.20034024405263365,-0.09650405074865205,-0.2521347056376869,-0.34253410623216574,-0.3537174175608973,0.23021915720608985,-0.14020604579374665,-0.055964652173900495,-0.28135101000598495,-0.6843065425559786,-0.17439774888532175,17,DS,Blanco,800.0,0,Malo,Malo
-0.02542700525480715,0.01728497101197455,-0.0599870510452059,-0.1131561538216083,-0.060762042892694296,0.10853876080311631,0.13614238943370546,0.08143086671874811,-0.31187704434134034,-0.142833278016677,-0.1236964221960038,-0.21567003146096092,-0.3745703252442123,-0.0847519681096611,-0.1871613522360896,0.3118101601280924,-0.21407430769492825,-0.0415690350955671,-0.49438580327583337,-0.5789047132522842,-0.32664660705103477,-0.13469771769983185,0.10457132714543925,0.15766740650409844,-0.3524499612987133,-0.34771210369739114,-0.24982328135745174,-0.13662037981596975,-0.3380885988734448,-0.46826977340376674,-0.17334494763385375,0.18965338359536027,-0.18408878445497184,-0.40619756075978797,-0.33624966093721587,-0.4329791195389415,-0.18853788031969154,-0.42711420255874044,-0.46309846819534106,0.04137685743015895,17,FS,Blanco,800.0,0,Malo,Malo
0.0456781895942278,0.092012520114126,0.0064976519010911,-0.07305394353758105,-0.04820292515539145,0.1847102423397021,0.17898662642320814,0.08651341285699604,-0.18897240398621618,-0.2086674098538133,0.11733733573841115,-0.02141175291799005,-0.25278522729482666,0.062461759553673,0.1022875377263618,0.4296588298608387,0.17533920414132284,0.36541564583099617,-0.28968977841215293,-0.19874751830986087,-0.24165259358875335,-0.18693930079922866,0.3258857667086754,0.15248863900422804,-0.060813988568668896,0.00015469065814914962,-0.0116963745110835,0.13690676039892496,-0.3022803403421115,-0.47272436985867894,-0.07550186895914245,0.2808385293923656,0.015064713417079406,-0.421120515887791,0.30522293930414035,-0.04307546222519515,-0.20629413169547484,-0.7406804183569129,-0.481461230269449,0.5562283669835187,17,DM,Blanco,800.0,0,Malo,Malo
-0.03261353021159055,-0.0138359370083329,-0.0219073911779695,-0.13114712998963218,-0.10493683926066055,0.0929338707837405,0.0707125678455919,0.15113829650499816,-0.26930255343287973,-0.27081940699216067,0.08883259161846074,-0.07343045648283844,-0.3091153151045971,-0.01618765004143845,-0.09746130111978596,0.3004717264356588,0.033615599968920995,0.3651375744267571,-0.3921627315415035,-0.32129465502973975,-0.25004400324631904,-0.3505879930762042,0.32462110769784075,0.2701421553066809,-0.1232168322837711,-0.19140449506138418,-0.20342779507537784,-0.0670385549069396,-0.2913965534302146,-0.5238009996293516,-0.1247414013470439,0.26595995589021115,-0.23657737765000625,-0.435051085038449,-0.3036144377208174,-0.5429324645371129,-0.42549983551054466,-1.0,-0.4640348946663655,0.113970004597504,17,FM,Blanco,800.0,0,Malo,Malo
-0.06929132888455325,0.10110312410740574,0.38007802783586153,-0.13537171504016082,0.31114853535121234,-0.27594953118745774,,0.06790948543102925,-0.050495012518210355,0.4182617951693975,-0.0405748630103623,0.032306305290266804,0.0019421951753856026,,,1.7185648611067976,0.31762376740344406,0.1299512096264707,0.21762078890814185,2.5811049092999006,1.016640798709266,,,,0.5354999763337016,-0.3867432283024242,0.8315127581672529,0.4633800598189945,-0.09524605882301401,,,,-0.6325317737131475,-0.4453423073845329,0.1915044509137934,,-0.5805066381814331,,,,18,FM,Blanco,1000.0,0,Malo,Malo
0.16920013912943221,0.18473847413465438,0.19043972635478304,0.1400175365113299,0.382058804246924,1.255215420825082,,0.664039306824344,0.12327159499241469,0.5740028137503754,0.4119284100490637,1.1331960389927689,0.7500467645837184,,,4.617449391133913,0.9081461943826464,0.29175753886122335,1.8059879474979132,6.08594970320865,2.2238870324068403,,,,1.025462579290782,-0.07846282737127355,2.1580903577057455,2.8279811961205077,0.6794878725711841,,,,0.5671280463068177,-0.2853494315342555,1.4615041938628106,,1.3785960933333334,,,,18,DM,Blanco,1000.0,0,Malo,Malo
0.33319772530380254,0.0488293068732787,0.23890347362675216,0.5004955960986737,0.6086688817280594,1.8689535003683126,,0.8418587250106699,0.6877990289258943,0.29630908699474523,0.8572945277576824,2.167014044021669,2.059327725798737,,,9.43179308909335,1.4432956533374894,0.6796047781528782,4.360079083767876,13.552806813840181,5.2939004668734775,,,,2.7974695270947523,0.09240110746217285,5.513430670002718,8.968120180690834,3.600738993872681,,,,1.5656974878862067,-0.48050261503550873,3.8981261640343527,,1.850066065042903,,,,18,FS,Blanco,1000.0,0,Malo,Malo
-0.06483101042643595,0.09032364091157885,0.23954327408940707,0.007641234359593499,0.380126006093866,0.01124787651531145,,0.20352507631123395,-0.16112409900043662,0.16366857187893064,0.1962431786348786,0.2384134101726358,0.13283399801621376,,,2.0038358343881444,0.4020446956199314,0.5383801576873211,0.2600371738078208,2.1858417089596425,0.5461990925413693,,,,0.7710171179579477,0.0553912616823141,0.5916309883457114,0.728257134330154,0.30002884434010485,,,,-0.26476637294046845,0.09954403203815475,0.3089106539296209,,0.02404928966889715,,,,18,DS,Blanco,1000.0,0,Malo,Malo
0.1100854326804201,0.15489889979520544,0.16856979694944096,-0.003935548038934951,0.0600334685893127,0.12745891838343565,0.13447357515889674,-0.11962894577526725,-0.18071221708206264,0.26257827967200587,0.36471242888492134,0.8739311980477155,0.14061388557425253,-0.1347018963413991,-0.3839699666190589,,0.0446548703571077,-0.41371265168629745,0.04549713141035325,-1.0,-0.006868857184006448,-0.3356647208431891,0.42842173842354075,,-0.2846230587042492,0.3826416359436253,-0.3005551497006147,,0.18380176389348113,-0.09098363380859159,-0.36241389917624967,,0.2554003330199053,0.1766452935838448,-1.0,,2.000878598225105,0.7470666945915603,-1.0,,20,DM,Blanco,1700.0,2,Bueno,Bueno
-0.02019585523575835,0.091501267133835,0.08723704584760066,-0.15010181692234928,0.0117387733917832,0.06150800034895865,0.1223618487843197,-0.10987097499034795,0.056830548522636554,0.18356526911304744,0.07954002046458875,-1.0,0.081745250120481,-0.11170186412685684,-0.11735517563394005,,0.2870543568624427,0.032935265876463705,0.20564815737166414,-1.0,0.3637458685668654,-0.19759675860703474,-0.29084465566142714,,-0.2702581406558703,0.1386948810860752,0.04452395243147165,,0.17023571000670784,-0.34431752901743506,-0.2518579705224935,,-1.0,0.3089514215505073,-1.0,,-1.0,-1.0,-1.0,,20,FM,Blanco,1700.0,2,Bueno,Bueno
0.06940372793543895,0.1990092725437719,0.0825033819876514,-0.2620770301269757,0.09262322797712841,-0.01936418412295545,0.19709640227088346,-0.0038625072435934504,-0.03727668248548115,0.2470923595142119,0.563528757012586,0.6923546359889425,0.2802461482643571,-0.0291830396461508,-0.2706063073579072,,0.21224542803533664,-0.050809725331821654,0.05753669980323505,-1.0,0.7983977002508371,-0.011435708685200205,-0.4208280603567104,,-0.47023361033316247,0.3262305511078031,-1.0,,0.17987264997976285,-0.7208840425267884,-0.23858532424834134,,-1.0,-0.40729081129227757,-1.0,,1.872575220002838,-1.0,-1.0,,20,DS,Blanco,1700.0,2,Bueno,Bueno
0.2857709429501248,0.2984968983264342,0.1512638848678193,-0.1537685409591839,0.08346748599524514,0.22254922389727022,0.18815573063566704,-0.03089623266513785,-0.0598428655723829,0.16752036879373555,0.1766224085664327,0.4875063892159429,0.5045465279475013,-0.16780457555563266,-0.02657208087504595,,0.30311872386281236,0.3406413114808984,0.7382360443503972,-1.0,0.7763812949309796,-0.10551582036438986,-0.39870227739921427,,-0.3397801406071223,0.5723622177702281,-0.26718531481230556,,0.5367758538774416,-0.6236583256611054,-0.3981093846399503,,-1.0,-0.32068637529322963,-1.0,,1.762092235010408,-1.0,-1.0,,20,FS,Blanco,1700.0,2,Bueno,Bueno
-1.0,0.0456555767479462,-0.8809854352084454,-0.029641737736794148,-0.34052318229476375,-0.13427549684610873,-0.1565026468501266,-0.3034230301674522,,0.004983677332713449,-1.0,-0.2599097702212356,-0.20429317100641134,-0.3876134750319352,-0.6033737525402987,-0.646582809932279,,-0.43528028386815043,,-0.2319468848101763,-1.0,-0.46921873123189406,-0.4372380719169743,-0.5673540997692235,,0.1205869852603801,,-0.03472962942758005,-1.0,-0.4883205867030385,-0.4534541981833614,-1.0,,-0.12359916553218761,,,,-1.0,-1.0,-1.0,21,DM,Ambiental,2000.0,4,Bueno,Bueno
-1.0,0.02686853826440395,-0.7831529238419155,-0.1547384454788837,-0.2954962308988366,-0.06912840378184945,-0.133357143968355,-0.24149191312580076,,-0.13090816545365946,-1.0,-0.1323375125575126,-0.22760655020555953,-0.28660807677434935,-0.44684355046589763,-0.5575777394104351,,-0.32065921691128024,,-0.1535598493031858,-1.0,-0.5227830535622191,-0.6334886312196859,-0.5504129614626356,,-0.1377367062506081,,-0.6374161201289009,-1.0,-0.22726591135741986,-0.5134288586335147,-1.0,,0.37949365175026917,,,,-1.0,-1.0,-1.0,21,FM,Ambiental,2000.0,4,Bueno,Bueno
-1.0,0.12139002724932885,-0.7429732457624729,-0.19486889032237395,-0.4393698899070932,-0.0714175107984186,-0.0650153605036608,-0.22269174889267496,,0.07127395991536326,-1.0,-0.04419798711960795,-0.2727007515782107,-0.21650120324162359,-0.4009067732902118,-0.5851737558920942,,-0.1991435737970325,,-0.3075637577943404,-1.0,-0.3990356430611341,-0.4298300763889032,-0.4043598464560294,,-0.1300525615818782,,-0.12446446871677974,-1.0,-0.17472820092849875,-0.40141944567558707,-1.0,,0.17411836904523145,,,,-0.40658293988637906,-1.0,-1.0,21,FS,Ambiental,2000.0,4,Bueno,Bueno
-0.3515641791907993,0.13283122879687936,-0.6264904445660309,-0.1263018300494771,-0.3504097591088361,-0.0598538282273575,-0.11295586695511735,-0.36565476149459863,,-0.028677965303716153,-1.0,-0.20663136911155106,-0.21238151758641893,-0.27114718445057806,-0.5368356201264394,-0.6369117927800074,,-0.2032221308245745,,-0.31095527681073887,-1.0,-0.44389683733560115,-0.5177742722709205,-0.6004421462893439,,-0.05457298719570745,,0.20296670272843975,-1.0,-0.023301858867234654,-0.544908940109706,-1.0,,0.4865523115531773,,,,-0.3653943612542325,-1.0,-1.0,21,DS,Ambiental,2000.0,4,Bueno,Bueno
-0.11155866145652105,-0.0626775613805338,-0.07929009092057024,-0.0919165662478139,-0.07090635673139564,-0.04885915448098045,-0.4886723704018441,-0.3000098260630163,-0.14873647778853785,-0.17324231221114028,-0.2590666508778482,-0.2537070379833354,-0.3669864582268607,-0.38071332045266826,-0.8107145402779028,-0.200287593897158,-0.1482257748741338,-0.49637019451986486,-0.19971411699086777,-0.0028529623772055503,-0.6252046045153334,-0.573017714243506,-1.0,-0.02195275480628605,-0.2188036164492998,-0.30781327337016523,-0.19762735869471953,-0.2968067183935382,-0.4193220444139909,-0.34642026618995403,-1.0,-0.4037283517038972,0.12352922609141134,-0.170725738758046,0.17133873949214096,0.4775600752471816,-0.6628553908526527,-0.5445962946883529,,-1.0,22,DS,Ambiental,1300.0,1,Bueno,Malo
0.01625766805853385,-0.0260359478906289,-0.08821956089385824,-0.04747987461633925,-0.03996308548716985,-0.049457418938417555,-0.5005234417529166,-0.2058435837694158,-0.06407461755772885,-0.23390103702013954,-0.2115508090138579,-0.1808075393217201,-0.34251281566711733,-0.3832196730522244,-0.8290612123830026,-0.2680113293111858,-0.14155594717059025,-0.392109469245478,-0.17140808105870886,-0.29884581901105955,-0.5617602398159894,-0.49965634812571236,-1.0,-0.2978832967968805,-0.2436360688942748,-0.45511835067728834,-0.39217405068889566,-0.6811076035421605,-0.5556707854785247,-0.45839784177758247,-1.0,-0.5703573659634933,-0.36874656312959253,-0.5811319261696484,-1.0,-1.0,-1.0,-0.5748846501253484,,-1.0,22,FS,Ambiental,1300.0,1,Bueno,Malo
0.04643966823723775,0.018624905777434902,-0.03525005307735045,0.0049541456442054,-0.0028925685545603,-0.0527355570714687,-0.4905880993849628,-0.13856095747214908,0.034841952672537896,-0.20219856655547946,-0.15699800942466263,-0.17294058151407227,-0.16831929854530664,-0.3254620075954763,-0.8360292992515345,-0.10533148824992394,-0.13281933178677466,-0.24280606355917544,0.054987097115888145,-0.2736178139387815,-0.5048417597490543,-0.5975665973314567,-1.0,0.01669456075372875,-0.1664711818263723,-0.27283771045366073,-0.3866639694325043,-0.5762658033771115,-0.44500676664561023,-0.43625145684553085,-1.0,-0.27148899967545903,-0.17687429466043586,-0.8145180435258419,-1.0,1.903459677609455,-1.0,-1.0,,-1.0,22,FM,Ambiental,1300.0,1,Bueno,Malo
0.00916437530786305,-0.011123885888099651,-0.09065784150410106,0.03560863688748335,-0.031841083014213956,-0.07367882041813456,-0.4666730793504237,-0.12760984058961067,0.08951602258071656,-0.18875508524938275,-0.0675882845111873,-0.2136366861991486,-0.26382790451231797,-0.45623137471037656,-0.8056284139382193,-0.1630750819948216,-0.1393484070821736,-0.17070311259193943,-0.02408340552304905,-0.21286461686041191,-0.4912657909276679,-0.47815725002379095,-1.0,-0.29724607614862714,-0.2679438108207031,-0.3665408832049773,-0.37610840016253977,-0.6248495656606807,-0.47861769753135985,-0.4293441407534686,-1.0,-0.26318254891232,-0.3887030377665246,-0.6138640232162305,-0.7703546113682527,-1.0,-1.0,-1.0,,-1.0,22,DM,Ambiental,1300.0,1,Bueno,Malo
0.28632785392570803,0.20090177890610106,0.07359982035491444,0.14590098205468743,0.10924922053078351,,-0.02225594436597435,0.08998882326891411,,-0.10394122613968496,-0.10883677466245355,0.7772828121332449,0.14127104767206444,,-0.0288949895582934,0.0278918673841715,,-0.2787757721558693,0.22553830331493047,0.0646965016508079,-0.2313244129534649,,-0.03949297640749211,0.00854137891020545,,0.4500439848061961,0.2232030080678689,0.1853596674189679,13.17292649154577,,0.16291683061180107,0.00012621194777324984,,-1.0,0.9653326397834123,0.4446668839327338,,,0.07197381425744015,0.2840019679813189,24,DS,Ambiental,1250.0,2,Bueno,Bueno
-0.3139881022052111,0.19353429589084675,0.16133757489273454,0.43969566122264236,-0.06603835869483125,,-0.07545422235314825,0.08623547564897699,,-0.15643606190456566,-0.1629812761389532,0.673739242308844,-0.021193289541169447,,0.11379825706650659,-0.0100041359432634,,-0.12077907976307814,0.2810008879378766,0.0652016832944658,0.06352608081683665,,0.19431822661838338,0.1722962550650503,,-0.07500848504951124,0.40533999323736314,-0.0593684149222605,10.368649606596968,,0.3791717011081568,-0.1597647687902347,,-1.0,0.7076644921199093,-1.0,,,-0.09417049557072049,0.30841417834290785,24,FM,Ambiental,1250.0,2,Bueno,Bueno
0.15451158959849098,0.1457519965236352,-0.0240856764489258,0.2079620124025771,-0.12007952233325464,,-0.036299175309797205,0.10416105750624645,,-0.0730286517209156,0.03721170075372875,0.7538537445254331,0.0756484182636373,,0.14350081773567058,0.0013060669358988504,,-0.21223753206519375,-0.006553229139735701,0.4814727975488702,-0.32348551681073073,,0.2282368154201628,0.18413513597469075,,-0.0137519142931346,0.23310372159522924,-0.0639945514606513,9.109279701436718,,-0.0170920192304653,0.012665092591042499,,-1.0,1.3963921392594836,-1.0,,,0.25835731258572014,-0.00711275532396265,24,DM,Ambiental,1250.0,2,Bueno,Bueno
0.6586827653576605,0.1565992385966341,0.22482164620633116,0.46634509651355144,0.19600502476630938,,-0.08495506621560256,0.03880004285264095,,-0.3095594835449659,0.29888444185375135,0.7417082231525771,0.1404183863975877,,0.16892325419528625,-0.0205008548894701,,-0.30151750156813645,0.7374446866607238,0.5714711376775923,0.3570896151861398,,0.12382649070001425,0.0382027643295028,,0.058745133838156,0.46400643968233046,0.5084345038956763,9.19312584270703,,-0.07315511764456925,-0.22792788309598075,,-1.0,1.3383505275657275,0.9011844567357832,,,0.11148026329739284,-0.02656532527328595,24,FS,Ambiental,1250.0,2,Bueno,Bueno
0.3636239946826377,-0.0218798317371542,0.0457622170695552,0.2172370443242637,0.10402990398614376,-0.08283188269143454,0.2153742892055158,0.33184317354283077,-0.2746325994537222,-0.060321372117228655,0.396343982854097,0.38924717786722074,0.2798174184982061,0.03674042223823585,-0.5337633676739351,-1.0,-1.0,-0.3031937736951663,-1.0,-1.0,0.440076548632957,-1.0,-1.0,-1.0,-1.0,0.5336784231974966,-1.0,-1.0,0.12442306981790005,-1.0,-1.0,,-1.0,-1.0,,-1.0,0.12383580336938624,,-1.0,,25,DS,Blanco,1850.0,4,Bueno,Bueno
-0.1837976841732529,0.035663662808208346,0.029147007769683153,0.08669214957483534,0.08559635325937065,-0.0996985646662511,0.082710025678816,-0.3558893932726469,-1.0,-0.10060420603917235,-0.14339673474829814,-0.1770423333712445,-0.14787482356417506,-0.1822968974199155,-0.5785312707076944,-1.0,-1.0,0.22117639082789586,-1.0,-1.0,0.14600792985971622,-1.0,-1.0,-1.0,-1.0,0.3649995244873384,-1.0,-1.0,-0.27724433728520737,-1.0,-1.0,,-1.0,1.7747027572357297,,-1.0,-0.1445855340526015,,-1.0,,25,FS,Blanco,1850.0,4,Bueno,Bueno
-0.212567132982141,0.11347246866677929,-0.03206440083782645,-0.012131300047029,0.018476403471416797,0.0813120696089068,0.1865718085034408,-0.40523988019533264,-1.0,-0.15879235796370683,-0.2860001284330276,-0.027795185663673953,-0.0047992827076473,-0.0448712427804345,-0.5431930530932501,-1.0,-1.0,-0.2019068141674707,-1.0,-1.0,0.0077173673975897,-1.0,-1.0,-1.0,-1.0,-0.052362209463536154,-1.0,-1.0,-0.41899984816119684,-1.0,-1.0,,-1.0,-1.0,,-1.0,-0.2283569382007653,,-1.0,,25,FM,Blanco,1850.0,4,Bueno,Bueno
-0.12830642796162817,0.09723935935711414,0.0285349719752363,0.05001629978079685,-0.033707876780936404,0.03147257943386455,0.26908047454446965,-0.41889484162404905,-1.0,-0.0467514991427081,-0.3508165567906567,0.18282576517474847,-0.00796429511897925,0.03968562552665885,-0.5660689746805514,-1.0,-1.0,-0.033450119545756704,-1.0,-1.0,-0.28517658469492246,-0.7947349571452825,-1.0,-1.0,-1.0,0.23353498193891414,-1.0,-1.0,-0.354288957621461,-1.0,-1.0,,-1.0,-1.0,,-1.0,-0.2481112110842844,,-1.0,,25,DM,Blanco,1850.0,4,Bueno,Bueno
-0.07300724442366766,0.1034450835730095,-0.12809643663881726,-0.14875786233713684,0.3836857021494152,-0.13549329064294494,0.047769354114874596,-0.226814547183798,-0.0318036363663498,0.1831923884150053,-0.5623720341295726,-0.0720492048431173,0.02933024196470975,-0.02444009489547315,-0.4503868392416853,0.19377775136668746,0.5728758893110977,0.352171526114504,0.37198645825522425,0.0571185151272409,0.15139636206098495,-0.039283085651196856,0.17902432796352666,-0.44081078435909105,-0.014107721739148898,-0.10548132081214065,-1.0,-0.5007341629490397,-0.19718009499255515,-0.03847199238245815,-0.3438949958043618,-0.45385639231238284,-0.2203644931412883,-0.33898926667121543,-1.0,0.11896807256552834,0.1278712188130956,0.20700001583921016,0.032373138685080946,-0.44670328058089714,27,FS,Blanco,1700.0,1,Bueno,Malo
0.0323930047102197,0.14186733476921076,-0.2045639971721275,-0.14780041789449855,0.3451597098685199,-0.1409280518242475,-0.06570252260906076,-0.235224967202609,0.0158375191308925,0.3512156096697031,-0.7118259708032268,-0.0714300140092689,0.04885367256945395,-0.07883120563885179,-0.26887548119617144,-0.04793979429202075,0.47256933394037537,0.1663147846054599,-1.0,-0.21881620272261582,0.0798208788754944,0.0345256039503689,-0.15417019602464477,-0.4251715437685078,-0.15406413244333794,0.00075041039321125,-1.0,-0.49235800377626876,-0.06063247092087675,-0.2913226827211942,-0.4790985485615467,-0.6370333069185299,-0.31991576295955165,-0.0408931531146703,-1.0,-0.556902189521461,0.21637501352493832,0.11802911919053315,0.4345728982890228,-0.6732474579838854,27,DM,Blanco,1700.0,1,Bueno,Malo
0.1512305894801791,0.08474823329416845,-0.14265369726661895,-0.11536356590452435,0.3611551083469384,-0.25371986453425616,-0.00827932523744305,-0.18237427935969175,-0.02035431264450045,0.3700893877374044,-0.3903681264392982,-0.05903737402749185,0.015747793211417352,-0.17483921734563565,-0.287756157732324,0.1697158976237284,0.38254931066787234,0.23591552959145562,0.2587118070051324,-0.2577568579144789,0.22067965506767723,0.0780142594718478,0.0589351353682384,-0.29139835824835864,-0.2303600879145456,0.015100865616182249,-1.0,-0.5059718293605036,0.0400212676442704,-0.28583363806911266,-0.4202560726092034,-0.6484695529930401,-0.2554726183048859,0.060106507774513956,-1.0,-0.2539026245377982,0.09055926440515055,-0.2640372896564625,0.00018610996231659994,-0.6499093152139092,27,FM,Blanco,1700.0,1,Bueno,Malo
0.1207814297573625,0.09860068444545869,-0.2545668212321024,0.02370330311445145,0.40472199238739304,-0.2787411326049256,0.03707638954573645,-0.08879801977265026,-0.09888284668178725,0.29463427709071005,-0.524656285675058,-0.03454858607220375,0.13592915230561115,-0.08931641617175805,-0.3360686088558134,0.14012005537361255,0.703704073830544,0.5404358057729255,-1.0,0.0004443400250226,0.27203357747927004,-0.17206023752618926,-0.09691572532993305,-0.3614628692357152,0.11552249329538719,0.1739116653217604,-1.0,-0.40348112655884955,0.035701513638983294,-0.20550834519112895,-0.26317571240274673,-0.7564405312335696,-0.39830818612618457,0.11994887791784395,-1.0,-0.576779417538083,0.29382010379670565,-0.05651147045619445,-0.42020490179299574,-0.7101699767938143,27,DS,Blanco,1700.0,1,Bueno,Malo
0.7593306676840286,-0.14797952658059998,-0.23017566979310294,0.0538923865794373,-0.0500559065511169,-0.04541275047780725,0.4541941094799137,-0.2491176537009373,1.4070832450774509,-0.1654779065447389,-1.0,0.3446591422492682,0.28620994222216467,0.00481631254012925,-0.2582559662068606,-0.12526633484521504,-1.0,-0.41105321301329467,-1.0,0.13588616272632956,-0.0018936249375351016,-1.0,-1.0,,-1.0,0.265805134213943,,0.39360183573221336,-1.0,-1.0,,,-1.0,-1.0,,1.5577366690586698,-1.0,,,,28,FM,Ambiental,800.0,0,Malo,Malo
0.676981252641812,-0.016905173764348202,-0.2389510062276934,0.1357182416098416,-0.07704335723783405,-0.14565895892875935,0.27200305534161023,-0.23534361185560676,1.0498859904348492,-0.20753996548314546,-1.0,0.370108994457031,0.33788727709672156,0.19816822206706186,-1.0,-1.0,0.32005825933044973,-0.29777724103444236,-1.0,0.06933888074931979,-0.1685132146833334,-1.0,-1.0,,-1.0,-0.33902540807477477,,0.6053400004722782,-1.0,-1.0,,,-1.0,-1.0,,-1.0,-1.0,,,,28,FS,Ambiental,800.0,0,Malo,Malo
0.4066291747403634,-0.1264254497880237,-0.28152824680224275,0.1696343326792302,-0.13874419176866448,-0.2647548150937437,0.21200491091896823,-0.20327601402622325,1.5342727310015352,-0.3128672108855257,-1.0,0.44668821816294646,-0.017843402997311644,-0.25652717658144636,-1.0,-1.0,0.2384995521040603,-0.28802292215310377,-1.0,0.19693107671987645,-1.0,0.8310523660649072,-1.0,,-1.0,-0.4173198051359098,,0.7010725373918251,-1.0,-1.0,,,-1.0,-1.0,,0.02865903470952058,-1.0,,,,28,DM,Ambiental,800.0,0,Malo,Malo
0.8482495910239284,0.02908272768736575,-0.16492765088635364,0.1380765201195277,-0.15136826694834743,-0.022203879263467702,0.34606255933245256,-0.20412444115993064,1.8071932989372752,-0.26594128462910094,-1.0,0.3047044585659929,0.338244161322849,0.16758632772734586,-1.0,-1.0,-0.3513386930691918,-0.4067343215397683,-1.0,0.6549904258582395,-1.0,-1.0,-1.0,,-1.0,-1.0,,1.175252215849477,-1.0,-1.0,,,-1.0,-1.0,,1.2718890370420486,-1.0,,,,28,DS,Ambiental,800.0,0,Malo,Malo
0.11762507145413105,0.38790938918617585,0.0610459838623782,0.4465372529078391,0.3215197906573632,0.5569325931489277,0.019558752966106648,0.5220426681287847,0.014332935523843501,-0.15920928902609335,-0.2278525664788166,0.0024936986687504,0.2902432105389012,-0.33794174566689555,-0.3158924663049567,0.0830972541491505,0.18546686415096655,-0.2313227480952901,0.761258749315347,0.307608140129933,-0.118155784200417,0.40606428402652434,0.6322562295149481,-0.0077644305618575,-0.1088046851907802,-0.16891973239581534,-0.0537017926142924,-0.1950613556658866,-0.15480756903170861,-0.35250976535056755,0.325476174992689,-0.06538374720127685,0.706780273166008,-0.0003233379641270004,-1.0,-0.0551543162637599,0.2772044374636147,0.0165718523158327,-0.07764771858731989,-0.3309344559889267,29,DM,Ambiental,800.0,0,Malo,Malo
0.09845030623110676,0.19386405848291585,-0.16834539599169002,0.27587410155925396,0.17460234421260007,0.25098512019469554,-0.10622080019754321,0.19056461574947647,-0.11795307091925195,-0.2634706682900214,-0.1919416501933725,-0.37739091005317993,0.4803590772651105,0.0240994539198842,-0.297091221473597,0.00712677477260955,-0.055809685257539904,-0.2023538043381909,0.3217127996185542,-0.04230109838233885,-0.2248438868675913,0.21961811512481136,0.23252091521244125,-0.1261702930563248,-0.6447000274741463,0.202103824021785,-0.34678348632921585,-0.5523894824320106,-0.1865753735099634,-0.26862566647287417,0.02435992928786995,-0.30739825934937115,-1.0,-0.29573850369394966,-1.0,-0.6216627266381645,-0.4762639759423392,-0.19398870605192614,-0.620114896333609,-1.0,29,FM,Ambiental,800.0,0,Malo,Malo
0.1127126764168495,0.3779672286469129,-0.016475797744034,0.4217627760355601,0.32477040097158183,0.4307565787329249,0.0121278289026407,0.3687315639387911,0.00868417375556505,-0.26354411020108237,-0.212834890661945,-0.32030930850018685,0.17126743166503888,-0.1502094567394199,-0.38613888689722986,-0.01689447955042695,-0.34036258962906696,-0.2487863255951862,0.7024648476870012,-0.3209459029215461,-0.2246999085345662,0.105816642451633,0.5436280881815516,0.10059342568119084,-0.5054079932792113,0.0741084347181594,-1.0,-0.7203250869520543,-0.25387789756716894,-0.3237015581915616,0.042703968070947604,-0.3205070395741093,-1.0,-0.009917403644446801,-1.0,-1.0,-0.7425428140721042,-0.26262580508585326,-1.0,-0.4956134899482561,29,DS,Ambiental,800.0,0,Malo,Malo
-0.1027191090092522,0.1703538898759221,-0.08619246620211116,0.2292216351103206,0.08111159412922235,0.2517697001561604,-0.14790677597694357,0.17424889046884628,-0.26876788568032584,-0.2697134273985453,-0.21691347962885077,-0.31422232926631377,0.23787314555573294,-0.14166609386420326,-0.2925313938331481,-0.16273734824174235,0.024268094745167102,-0.3734055948798426,-0.0724344337879454,-0.3217015220758721,-0.37961986731672837,-0.13402994078712985,0.27027562439872166,-0.2036926913339053,-0.6492954259690857,0.05027338955772105,-0.23472997486183134,-0.7499533211459133,-0.232443416523644,-0.330846556921085,0.15742694544180355,-0.3320569576369843,-1.0,-0.13652923042529175,-1.0,-1.0,-0.46862476837653766,-1.0,-1.0,-0.49717147687913044,29,FS,Ambiental,800.0,0,Malo,Malo
-0.10164083360680484,0.1575268955605538,-0.12731101625111746,0.09555909225091916,0.25157288605241784,0.09517365453916114,0.0015340315399044978,-0.27853763805895,0.190029407253366,-0.07764697006568186,-0.1817849052782711,-0.39372119862081384,0.3213635702572048,-0.605625604842287,-0.45744486685927094,-0.4594649345107549,0.4737095372693229,-0.5081917819232603,0.3286436943856506,-0.0291289581990425,-0.24552337080967415,-1.0,-0.6094819676644556,-1.0,-0.15960379107758144,-0.2817064100807367,-0.41304901506675273,0.21395076027724413,0.24359020897212244,-1.0,-1.0,-1.0,-0.19250996034763024,-0.1621614263652796,-0.013567726132044551,-0.36680459971122836,1.574916732021074,,-1.0,,30,FS,Blanco,800.0,0,Malo,Malo
-0.09575620984837495,0.0399523940597275,0.0258119472154298,0.1016803855237579,0.15566603056413808,0.013002224833216499,-0.017058643232354502,-0.33733587128838993,0.03449425461786225,-0.2799404357017439,-0.1699691062068165,-0.3591297692966562,0.45432302134098074,-0.7830264691470501,-0.4486075932123821,-0.6207319614768219,0.45606812377977646,-0.5813327184738792,0.5664269756955129,0.0341918325951762,0.057346981640938856,-1.0,-0.6446498974560595,-1.0,-0.0011980295304615494,-0.36824703258930847,-0.024652270741215298,0.013610605289378252,-0.21752640748795585,-1.0,-1.0,-1.0,-0.0436441791606037,-1.0,0.0808611085807913,-0.2506261166797452,1.1610884494738773,,-1.0,,30,DS,Blanco,800.0,0,Malo,Malo
-0.07929997120974644,-0.01028734311173675,-0.01054897792438135,0.06001581259104935,0.2087819297921124,-0.15031752943178323,-0.01148973092347665,-0.33788302797686115,0.1555044358561956,-0.36893114140144134,-0.19972116287363684,-0.3276777283132466,0.15652326756041055,-0.764805876776159,-0.1809271826300741,-1.0,0.5011411488456428,-0.44465825921770097,0.2106422917720735,-0.009621664004160552,-0.035650944515803855,-1.0,-0.6723501195874236,-1.0,-0.11364254705394594,-0.6138093462562437,-0.16331706784273708,-0.0234086558333796,-0.1112271821316753,-1.0,-1.0,-1.0,-0.6403320851217462,-1.0,0.0731210123262622,-0.39260549430733727,1.6220228867792907,,-1.0,,30,FM,Blanco,800.0,0,Malo,Malo
-0.10341520676148065,0.1297827998652433,0.0324418477635319,0.1339495439827748,0.2186713103495374,-0.17029346221474825,-0.0095170266423121,-0.4471587122924092,0.226501443606127,-0.26744656608837325,-0.07745136411029979,-0.32105597533059893,0.501261321197638,-0.6955233142418975,-0.47198639421204464,-0.6301679495553353,0.5155825754021617,-0.6236659089240016,0.8724049566572736,-0.0700586213294077,-0.3316532012711352,-1.0,-0.671729024396762,-1.0,-0.06088669095986395,-0.6258087907082646,-0.15094251933142117,-0.1808977686510897,-0.06835037645699155,-1.0,-1.0,-1.0,-0.21020180938817365,-1.0,-0.22437135960386956,-0.6984948229925696,0.590711906391593,,-1.0,,30,DM,Blanco,800.0,0,Malo,Malo
-0.037040584253863,-0.08821078870525231,0.08127499462259641,1.1380134585263812,-0.11020959065836775,-0.12941121960260965,0.33571305170127225,0.0103859312564945,-0.19326495704027835,-0.046922552859643744,-0.1466375574668931,-1.0,0.14032163453257634,0.40160332418242767,0.3825765036657111,-0.1006639440879078,0.18730118468799078,0.828955312419251,-0.2350810655124204,,0.3250633165849583,0.548252883586448,-1.0,0.254316652109552,1.9881877880357854,0.3724842545287983,-0.2231492181786288,,1.328292553115162,0.8072860933485767,-1.0,0.9029760150282723,0.35757548337802064,-0.27711537990569535,-0.3014450327348959,,0.01918440100167965,0.2598425716182008,-1.0,0.42684789051915484,31,DS,Blanco,900.0,0,Malo,Malo
-0.12313541595869809,-0.1180169770998031,0.320205833353159,1.3095845324648046,-0.048369308762361854,0.1777730920021137,0.2159552367344495,0.0073283660826604,-0.1444684745166832,-0.13071722483735246,0.1490350194512698,3.167544833538413,-0.04813239150859535,0.23077535438633534,0.3399667893472085,-0.11377991913545821,0.34099839077397515,0.6985498964177667,-0.1034947913541793,,0.28315596837971535,0.11565380689970654,1.5337489652420322,-0.004932027099058151,1.6978093420782119,0.441027461279732,-0.21884425678281677,,2.65343679705798,0.696250423885108,-1.0,0.8161184265957064,0.20145700952925844,-0.0447555725447198,-0.41181647921384645,,0.4158678745827785,0.5315526713821237,-1.0,0.10843912334416125,31,FM,Blanco,900.0,0,Malo,Malo
0.13256856605784323,-0.06675147801859865,0.1473341655580738,1.2610971873778012,-0.026102895485109,0.076213980824775,0.7095933121638432,-0.0033479918009460497,0.6536433911026638,0.021273579703644747,0.23065900656027977,1.8067004000515285,0.3915177332989019,0.5324793076467229,1.3289284233104903,0.1836255347632606,0.7621185177234406,0.7301119313060671,0.04917355998591675,,0.979570945363361,0.9505400856983359,5.309630784254592,0.44031355949487966,1.6046829611038316,0.2919443818436033,0.218423123712773,,2.8977885786243256,1.3715438553291999,-1.0,2.258511215508788,-1.0,-0.1497207033098103,-0.0396214107846027,,0.31144983599142895,0.927969907508525,-1.0,1.5011915093697672,31,DM,Blanco,900.0,0,Malo,Malo
0.061114466957601005,-0.024760130691560002,0.27402596954603076,1.6098110962989851,0.16845681232537735,0.24285582225146965,0.3961787801625136,0.06818028107146125,0.19517091269421977,0.00934790397410625,0.3227213332411665,3.6775701546970074,0.32634975916719405,0.2691552665846144,1.3956386555468545,0.061330804304271194,0.4807149378236898,0.1503641936872587,-0.16976215461552574,,1.265877410539351,0.8301440389677793,4.809561900240957,0.4381202667032349,1.8703718978473747,0.38875287285336096,0.16817081685365837,,2.773832778572433,1.2003755035213417,-1.0,1.4506153940035365,0.4026279060227139,-0.3676603151411587,-0.12646667970360204,,0.9959253680974942,2.501016199004092,-1.0,0.35190714770774845,31,FS,Blanco,900.0,0,Malo,Malo
-0.2882900894231918,-0.27756318378479583,-0.060356148063720194,-0.1273819658645844,0.014019793806557601,-0.08905760464483845,-0.14978026632189695,-0.1688670394913848,-0.6457624133100648,-0.375765475969115,-0.3613805704411631,-0.34897244159871266,-0.31543879015690945,-0.23055187065385446,0.1823993501648706,-0.41707277024951767,0.28803066624466517,-0.4406895464705394,-0.32032558091213437,0.3046405731349579,-1.0,-0.3556674251982171,0.8075535948754706,0.1059172057880621,-1.0,0.05916583154472688,-0.557671799502228,-0.247088219388661,,0.08028318991299051,-0.30215693797278986,-0.19269748017899455,,-1.0,-0.3356107696712719,-1.0,,-1.0,-1.0,-1.0,34,FM,Blanco,800.0,1,Malo,Malo
-0.15379764400460472,-0.23320071523990085,-0.01548490298357555,-0.09992038869752545,0.0896491834586806,-0.11140397421580675,-0.1597091751583165,-0.1035303601134538,-0.34504600328388724,-0.3024916478477419,-0.1475995994347227,-0.22964592454851485,-0.48171690367365805,-0.3209899845707268,-0.2184988256331148,-0.3597440782317957,-1.0,-0.5175234433629157,-0.46159987454265516,0.2605006990679092,-1.0,-0.26092667673633585,0.1584375515942722,-0.2526486746233718,-1.0,-1.0,-0.44384022507074394,-0.45438725369917865,,-0.2634322289889512,-0.6280587174430338,-0.2966332599642525,,-1.0,-0.4216008114259947,-1.0,,-1.0,-1.0,-1.0,34,DS,Blanco,800.0,1,Malo,Malo
-0.17535500915967456,-0.17210170424296983,-0.03227132107025315,0.0544182864253645,0.2419120017668943,-0.0955007332329248,-0.17572585007881142,-0.1147228281205435,-0.5436681457121917,-0.0966835852404442,-0.14242422402789584,0.033231047856514796,-0.2573004138803368,-0.20723763174741056,-0.18567905677327362,-0.3214996465804792,0.21474159416252447,-0.535097751290619,-0.3797203004027492,0.37766732923929125,-1.0,-0.13596838764430746,0.7483584426069474,-0.1219094765493755,-1.0,1.3168935549347278,-0.5051209182919446,-0.6239025973826997,,-0.16469297921908516,-0.3307046648221668,-0.07368723386740056,,-1.0,-0.3353065785425201,-1.0,,-1.0,-1.0,-1.0,34,FS,Blanco,800.0,1,Malo,Malo
-0.27830726324056515,-0.3101842519630918,-0.124066530229425,-0.1216233246341169,0.08225616257613641,-0.15915273729555085,-0.15140420822735545,-0.08872202983702085,-0.7612583109161526,-0.27853584012340454,-0.17248526639975198,-0.2688992861385755,-0.47686675902061826,-0.24851811011179709,-0.0564846103477211,-0.2507061273791996,-1.0,-0.5519074789517948,-0.22635073684240414,-0.2344581645838853,-1.0,-0.19159122657173705,0.0905907667186726,-0.2094577457087809,-1.0,-1.0,-0.5792139124678741,-0.6519990835590983,,0.0069402181086125996,-0.3438001999858631,-0.24915074258446715,,-1.0,-1.0,-1.0,,-1.0,-1.0,-1.0,34,DM,Blanco,800.0,1,Malo,Malo
1.973431896460006,1.0677672098112625,0.2692022609086293,0.850211702454245,1.306721834846011,1.285336577472305,1.2865115704021903,2.477421446222895,-0.1628817179458166,1.0232663782674125,0.20085854198665654,-0.37058160143028596,0.6170933075695751,0.37077613320592145,2.0352556429015256,0.7794905398816606,-0.29752779055638745,0.9887325320965037,1.6015689771289856,,-0.5175127175498627,1.337830210288788,2.4309260520566247,,-1.0,1.5638157390140626,1.1508881530656727,-1.0,-0.39837238394948665,0.8551462345308298,2.04676154361751,,,0.0175982297981606,0.40724022713852404,,,-1.0,6.923053875347781,,35,FM,Ambiental,1200.0,2,Bueno,Bueno
1.041105020354939,0.5535833832321974,0.081894131164739,0.24971672875056075,0.517570042413918,0.4390854116646129,0.4937831837582529,2.3097760599830233,-0.23778707205881325,0.48979053714240295,0.16716676599612884,-0.4446635650492867,0.32143260777858557,0.040238752522833446,0.36722004106479156,0.36313640272063197,-1.0,0.7961954537902467,0.48926962982079336,,0.057442775789765546,1.5181306698206884,1.033996966617611,,-1.0,0.39927433722415057,0.23154929910440306,-1.0,-1.0,-0.6933688122817646,0.02967446639316245,,,-0.5495976872821865,-0.34470386429378386,,,-1.0,-1.0,,35,DS,Ambiental,1200.0,2,Bueno,Bueno
0.8466034281916206,0.7904037901703249,0.23655911923762024,0.17106733741257402,1.3827909346497493,0.8125429054150488,0.8200069456143421,1.8808963014832187,-0.33320484141741474,0.9280108142170664,0.3997359475605262,-1.0,0.76170346445443,0.4439006572558488,0.7199245306866466,0.4259718663805473,-1.0,1.2205056162242491,0.6704008778858597,,0.0738798875408964,0.5424568875985532,1.185596295704436,,-1.0,0.4865110090549713,0.4276109798486811,-1.0,-1.0,-1.0,0.46011554773223684,,,-1.0,-0.36286384302502384,,,-1.0,-1.0,,35,FS,Ambiental,1200.0,2,Bueno,Bueno
0.0287709560875276,0.46448000366235576,-0.01883192665533955,-0.416256186386677,0.8330210798014189,0.3505327870733147,0.5922702785549664,2.3298732659025125,-0.5807871585288007,0.4526238930715392,-0.11701437034542256,-1.0,0.3812337997040832,-0.18052699542178044,0.7952033938331683,-1.0,-1.0,0.27289453515434126,0.49513904532680686,,0.03468246782268565,0.5289790056169417,2.793294447193859,,-1.0,0.043901353276585744,-0.3364504576928775,-1.0,-0.4763333566241465,-1.0,0.8890540222026797,,,0.18891789654886507,-0.6946484265099422,,,-1.0,-1.0,,35,DM,Ambiental,1200.0,2,Bueno,Bueno
